n,exact,approx
200,1.694672,1.468637
250,4.751314,2.946431
300,13.016739,5.278403
350,25.631332,7.764272
