n,exact,approx
200,0.109171,0.013766
250,0.287043,0.025624
300,0.670987,0.043386
350,1.372150,0.067930
400,2.381490,0.101226
450,4.847177,0.188293
500,6.502140,0.194857
550,10.128365,0.255801
600,15.854887,0.331768
