n1,n2,exact,approx
5,6,0.000372,0.000154
8,10,0.030114,0.003657
11,13,1.524090,0.026228
14,17,12.676404,0.073642
17,21,94.500626,0.168981
20,25,64.833157,0.325847
