n1,n2,exact,approx
10,12,0.029254,0.021224
14,17,0.159855,0.130469
18,22,0.577988,0.567457
22,27,1.198815,1.890677
26,32,3.577877,5.132895
30,37,8.385522,13.327106
34,42,29.455613,27.827430
38,47,23.186779,107.084668
